{"cameraMode":{"drawMode":0,"name":"Shaded","section":"Shading Mode"},"sceneLighting":false,"audioPlay":false,"sceneViewState":{"showFog":true,"showMaterialUpdate":false,"showSkybox":false,"showFlares":true,"showImageEffects":true,"showParticleSystems":true},"in2DMode":false,"pivot":{"x":-120.22956848144531,"y":1.619882345199585,"z":-264.453857421875},"rotation":{"x":0.13302578032016755,"y":0.034186385571956637,"z":-0.004593557678163052,"w":0.990527868270874},"size":12.924481391906739,"orthographic":true}